protocol,flow_duration,total_packets,total_bytes,bytes_per_sec,mean_pkt_len,std_pkt_len,max_pkt_len,min_pkt_len,uplink_packet_count,uplink_byte_count,uplink_mean_size,uplink_std_size,downlink_packet_count,downlink_byte_count,downlink_mean_size,downlink_std_size,uplink_downlink_ratio,uplink_bytes_ratio,iat_mean,iat_std,iat_max,first_10_pkts_len_mean,first_10_pkts_len_std,pkt_len_entropy,label,source_file
tcp,0.5988099575042725,68,110597,184694.65748523545,1626.4264705882354,2293.7775567581834,10218,54,31,2441,78.74193548387096,93.24922130330773,37,108156,2923.135135135135,2444.175483174092,0.8378378378378378,0.0225692518214431,0.008937462052302574,0.027262323043040423,0.1953730583190918,697.6,1136.6405060528152,1.9469244809437476,common,common_yz_chsi_com_cn_018.pcap
tcp,0.14202499389648438,65,105311,741496.2473207811,1620.1692307692308,4539.79319613445,36354,54,31,2469,79.64516129032258,92.59330024780644,34,102842,3024.764705882353,5937.71176493607,0.9117647058823529,0.02400770113377803,0.0022191405296325684,0.00433910942919861,0.016204118728637695,647.9,1047.3318910450496,0.11467550533614673,common,common_www_taobao_com_002.pcap
tcp,0.9340028762817383,25,6472,6929.314849398544,258.88,624.4785549560529,3209,54,13,1498,115.23076923076923,135.17803294809394,12,4974,414.5,863.7572479194217,1.0833333333333333,0.30116606353035785,0.0389167865117391,0.07121027111774848,0.18821096420288086,441.6,934.5202191499122,0.7641140545540274,common,common_www_ubuntu_com_009.pcap
tcp,0.145766019821167,24,7733,53050.772803477994,322.2083333333333,854.0819134781837,4304,54,12,1428,119.0,139.42919349978325,12,6305,525.4166666666666,1164.8536716639087,1.0,0.22648691514670896,0.006337653035702912,0.009584053763912517,0.04111289978027344,549.5,1260.4200291966167,0.785235442391543,common,common_www_doubao_com_016.pcap
tcp,0.22950100898742676,26,11061,48195.86654020322,425.4230769230769,917.0946672499109,4150,54,13,1497,115.15384615384616,135.17785785563356,13,9564,735.6923076923077,1212.97906536665,1.0,0.15652446675031367,0.00918004035949707,0.02629492225115429,0.13431620597839355,726.5,1285.6443715118112,0.9989525689736319,common,common_www_zhihu_com_012.pcap
tcp,0.24549508094787598,28,9098,37059.8056990466,324.92857142857144,863.7481829036676,4501,54,14,1553,110.92857142857143,131.2149078451695,14,7545,538.9285714285714,1176.143058857195,1.0,0.20583167660702453,0.009092410405476889,0.014410577851639792,0.043515920639038086,570.8,1318.5817987519774,0.8059584928680418,common,common_www_bilibili_com_004.pcap
tcp,0.32973694801330566,47,67223,203868.56979487598,1430.276595744681,3440.3735800496,18774,54,22,1985,90.22727272727273,108.19634165306809,25,65238,2609.52,4389.856408767831,0.88,0.030427051718323675,0.007168194522028384,0.015353801618147393,0.04648900032043457,573.4,836.620248380351,1.0220168094373596,common,common_www_xjtu_edu_cn_014.pcap
tcp,0.21560001373291016,27,9768,45306.11956314996,361.77777777777777,825.5717360460111,4150,54,14,2012,143.71428571428572,178.12372448522908,13,7756,596.6153846153846,1129.176182918771,1.0769230769230769,0.259412068076328,0.008292308220496545,0.01425743507336476,0.05786609649658203,581.3,1206.1463468418747,1.042344321483692,common,common_www_gitee_com_007.pcap
tcp,0.14234495162963867,63,127869,898303.7230059059,2029.6666666666667,3201.6396345007897,14454,54,32,2467,77.09375,91.37879929686919,31,125402,4045.2258064516127,3581.2050477699177,1.032258064516129,0.019672732492304747,0.002295886316607075,0.007232270638179001,0.04205513000488281,630.9,1217.0939528236922,1.8265357684941734,common,common_wlj_xa_gov_cn_020.pcap
tcp,0.06983494758605957,23,6663,95410.68233478657,289.69565217391306,604.468320799909,2958,54,11,1374,124.9090909090909,144.18325116793343,12,5289,440.75,795.9584500252929,0.9166666666666666,0.2597844583096994,0.003174315799366344,0.004838631705959656,0.015401124954223633,453.3,856.5771477222586,1.0534081504863568,common,common_www_aliyun_com_005.pcap
tcp,0.07174205780029297,87,203025,2829929.9772687997,2333.6206896551726,3198.726640476094,11734,54,41,2950,71.95121951219512,81.22205372131334,46,200075,4349.45652173913,3274.5866895289364,0.8913043478260869,0.01474447082344121,0.0008342099744220112,0.00202926232165182,0.010508060455322266,524.8,1178.6084846122565,2.1614820953837057,common,common_www_jd_com_011.pcap
tcp,0.15200090408325195,19,6317,41558.963337087356,332.4736842105263,878.8654389801633,4007,54,9,1249,138.77777777777777,157.41578191230295,10,5068,506.8,1175.2066882042495,0.9,0.24644830307813734,0.008444494671291776,0.012224146730089243,0.02928900718688965,519.2,1172.2263262698038,0.7742433029172697,common,common_www_qq_com_006.pcap
tcp,1.3804140090942383,32,92054,66685.79092471064,2876.6875,7960.232426088057,41567,54,16,1658,103.625,124.15810233327505,16,90396,5649.75,10551.560740596626,1.0,0.018341519536262667,0.044529484164330266,0.0829228333144347,0.23969507217407227,360.5,695.4499622546542,0.9255636700495734,common,common_www_ietf_org_008.pcap
tcp,1.2014660835266113,26,17877,14879.32139334838,687.5769230769231,2015.7718539457196,10022,54,13,1482,114.0,135.07433850690117,13,16395,1261.1538461538462,2729.5505644746113,1.0,0.09039341262580054,0.04805864334106445,0.11359423035343455,0.46501588821411133,486.0,1071.5070695053766,0.6988272185521962,common,common_www_python_org_010.pcap
tcp,0.2701120376586914,25,8971,33212.14440407721,358.84,826.7025428774245,4150,54,12,1440,120.0,139.50448021479454,13,7531,579.3076923076923,1093.1949213633745,0.9230769230769231,0.19120966671092815,0.011254668235778809,0.02930529973224718,0.14615702629089355,615.6,1212.0772417630817,1.0263137138648348,common,common_y_qq_com_017.pcap
tcp,0.21719694137573242,86,97832,450429.9157268466,1137.5813953488373,1458.36724938284,5814,54,43,3117,72.48837209302326,79.45581545096512,43,94715,2202.6744186046512,1406.5953736450103,1.0,0.032909254078023545,0.0025552581338321462,0.008455857990796734,0.06305098533630371,629.9,1216.713807762532,1.163698219103619,common,common_www_xa_gov_cn_019.pcap
tcp,0.23195600509643555,22,8863,38209.8320598133,402.8636363636364,1134.0314768540898,5465,54,11,1494,135.8181818181818,149.72144935410628,11,7369,669.9090909090909,1551.454710588828,1.0,0.20274121319039218,0.011045524052211217,0.015032530287512634,0.044635772705078125,682.0,1601.7151432136739,0.5304060778306042,common,common_www_bing_com_001.pcap
tcp,0.12848997116088867,20,10092,78543.09491098963,504.6,1260.9450186269025,5284,54,10,1339,133.9,152.22053080974328,10,8753,875.3,1697.6326487199756,1.0,0.15297612247229522,0.006762630061099404,0.01004326451996878,0.02740001678466797,650.2,1551.9223434179946,0.5689955935892812,common,common_www_baidu_com_003.pcap
tcp,0.04669308662414551,50,171791,3679152.791564758,3435.82,6451.254370089588,25905,54,25,2153,86.12,104.04126873505531,25,169638,6785.52,7796.509547842547,1.0,0.012691731805373797,0.000952920135186643,0.0015253933098801759,0.007000923156738281,551.4,883.486864644857,1.7619931481492186,common,common_www_xidian_edu_cn_013.pcap
tcp,0.1646580696105957,34,27463,166788.0600382841,807.7352941176471,1549.7726267542212,7306,54,16,1658,103.625,124.15810233327505,18,25805,1433.611111111111,1921.0975201948406,0.8888888888888888,0.06425111412516954,0.004989638473048355,0.009415559589340672,0.026606082916259766,632.9,1217.8760569121966,1.294335777314108,common,common_mail_163_com_015.pcap
tcp,0.3108201026916504,32,122726,394845.7610598969,3835.1875,9861.824417410997,32834,66,17,1966,115.6470588235294,122.64724220609791,15,120760,8050.666666666667,13191.346202045575,1.1333333333333333,0.016280225240145742,0.01002645492553711,0.030872107565140902,0.1665809154510498,275.4,426.3998592870312,0.6449742087569881,proxy,proxy_wlj_xa_gov_cn_020.pcap
tcp,0.17970585823059082,27,5433,30232.737282435213,201.22222222222223,287.7767052747068,1428,66,15,1893,126.2,127.99854165835903,12,3540,295.0,387.3312535801881,1.25,0.5347457627118644,0.006911763778099647,0.014835200996748808,0.04741191864013672,271.3,414.32621206001437,0.9451696091196164,proxy,proxy_www_doubao_com_016.pcap
tcp,0.2113809585571289,24,4894,23152.511150512746,203.91666666666666,298.4071486893182,1430,66,13,1702,130.92307692307693,136.6711164907942,11,3192,290.1818181818182,398.08332115087717,1.1818181818181819,0.5332080200501254,0.009190476459005604,0.019032956422821285,0.06077980995178223,271.3,414.9267525720654,1.1386865525783176,proxy,proxy_www_gitee_com_007.pcap
tcp,0.35744810104370117,29,7274,20349.8073671699,250.82758620689654,510.0993864597244,2712,54,15,1875,125.0,128.28717784720342,14,5399,385.64285714285717,697.2924788210527,1.0714285714285714,0.34728653454343394,0.012766003608703613,0.035780593994133046,0.17568182945251465,399.3,785.6583290464118,0.7856911763562577,proxy,proxy_www_bing_com_001.pcap
tcp,0.20836210250854492,35,101293,486139.26803625905,2894.0857142857144,8745.161141605857,32834,66,18,2090,116.11111111111111,118.97520231305387,17,99203,5835.470588235294,11858.185284820564,1.0588235294117647,0.02106791125268389,0.006128297132604262,0.012818955583910805,0.04314994812011719,388.2,751.7267854746165,0.5007115883735379,proxy,proxy_www_taobao_com_002.pcap
tcp,0.4895660877227783,32,91306,186503.93131744643,2853.3125,8489.13789217396,32834,66,17,2022,118.94117647058823,121.72121985636605,15,89284,5952.266666666666,11646.701366863017,1.1333333333333333,0.02264683481922853,0.01579245444267027,0.05890188507700805,0.33229494094848633,274.8,424.71797701533666,0.5349547231656377,proxy,proxy_www_xa_gov_cn_019.pcap
tcp,0.17189717292785645,22,7876,45818.08918582669,358.0,672.5867973726514,2531,66,11,1570,142.72727272727272,145.49732325503504,11,6306,573.2727272727273,889.320996440961,1.0,0.24896923564858864,0.00818557966323126,0.01957376791058145,0.07529520988464355,360.8,672.0593426178972,1.1191194231256714,proxy,proxy_www_baidu_com_003.pcap
tcp,0.6501939296722412,32,105044,161557.95249111607,3282.625,9510.238419559995,32834,66,17,1969,115.82352941176471,122.73607997944093,15,103075,6871.666666666667,12987.858908312108,1.1333333333333333,0.019102595197671598,0.02097399773136262,0.07742709324894402,0.42295217514038086,277.5,431.6888346946212,0.4488644887230294,proxy,proxy_yz_chsi_com_cn_018.pcap
tcp,0.16780614852905273,27,6413,38216.7164684654,237.5185185185185,377.0316196947639,1498,66,16,1964,122.75,124.91972422319864,11,4449,404.45454545454544,528.3898979896575,1.4545454545454546,0.4414475162957968,0.006454082635732798,0.012661637832703456,0.041953086853027344,286.7,430.5817111768682,0.9731284054960412,proxy,proxy_www_bilibili_com_004.pcap
tcp,0.40531206130981445,31,6057,14944.040847010769,195.38709677419354,310.0704058882439,1448,66,16,1943,121.4375,124.43621295165649,15,4114,274.26666666666665,412.46227571608154,1.0666666666666667,0.4722897423432183,0.013510402043660481,0.03969194767600382,0.2051079273223877,272.1,420.18316244228544,0.7483265504380476,proxy,proxy_y_qq_com_017.pcap
tcp,0.11949300765991211,30,168336,1408751.886797422,5611.2,12069.733237593393,32834,66,17,1978,116.3529411764706,123.01503551167117,13,166358,12796.76923076923,15653.921696661419,1.3076923076923077,0.011890020317628248,0.0041204485399969695,0.01002684032138763,0.04127001762390137,285.2,425.75833520907133,0.6500224216483541,proxy,proxy_www_xidian_edu_cn_013.pcap
tcp,0.22969794273376465,29,23767,103470.66985944907,819.551724137931,3312.5112006182203,18279,54,15,1875,125.0,128.28717784720342,14,21892,1563.7142857142858,4651.984191543147,1.0714285714285714,0.08564772519641878,0.008203497954777308,0.017837687687886256,0.05637383460998535,274.4,424.2011786876599,0.21639693245126462,proxy,proxy_mail_163_com_015.pcap
tcp,0.2362070083618164,29,6845,28978.818399473515,236.0344827586207,416.6497315623032,1882,54,15,1878,125.2,128.34702957217206,14,4967,354.7857142857143,560.963988985724,1.0714285714285714,0.3780954298369237,0.008435964584350586,0.018234358536796877,0.06485700607299805,276.0,428.08270229010657,0.7856911763562577,proxy,proxy_www_zhihu_com_012.pcap
tcp,0.19165706634521484,22,4741,24736.89121099484,215.5,313.96029714251796,1466,66,11,1561,141.9090909090909,145.31811783773153,11,3180,289.09090909090907,406.4400782281229,1.0,0.4908805031446541,0.009126526968819755,0.021045627318476392,0.07550382614135742,274.3,425.1317560474635,1.2100285140347624,proxy,proxy_www_qq_com_006.pcap
tcp,1.0294389724731445,29,16635,16159.287189250032,573.6206896551724,2082.225142912945,11497,66,15,1893,126.2,127.99854165835903,14,14742,1053.0,2918.7618216340593,1.0714285714285714,0.1284086284086284,0.03676567758832659,0.1037402332706861,0.44251203536987305,271.5,414.88462251570616,0.4310167689753772,proxy,proxy_www_python_org_010.pcap
tcp,0.1017301082611084,25,5234,51449.86169252871,209.36,299.50156994580175,1487,66,14,1827,130.5,131.44023628358903,11,3407,309.72727272727275,404.8326457616532,1.2727272727272727,0.5362488993249193,0.004238754510879517,0.009611302440162514,0.033653974533081055,285.2,427.58082276921635,1.1063137138648347,proxy,proxy_www_aliyun_com_005.pcap
tcp,1.0240130424499512,29,5302,5177.66842824088,182.82758620689654,268.655922615234,1412,54,15,1881,125.4,128.40913778492038,14,3421,244.35714285714286,352.87585982747476,1.0714285714285714,0.5498392282958199,0.036571894373212545,0.10287870229340482,0.441450834274292,269.7,409.86316009126756,0.9945637531514427,proxy,proxy_www_ubuntu_com_009.pcap
tcp,1.3479149341583252,35,90861,67408.5565026669,2596.0285714285715,8118.631399391384,32834,66,18,2085,115.83333333333333,118.84502046315988,17,88776,5222.117647058823,11057.894283549611,1.0588235294117647,0.023486077318194108,0.03964455688700957,0.13388005639777656,0.6943819522857666,269.9,411.6205655697975,0.5007115883735379,proxy,proxy_www_ietf_org_008.pcap
tcp,0.3279569149017334,31,63490,193592.50290247326,2048.064516129032,7193.075644093014,32834,54,16,1950,121.875,125.22773005608622,15,61540,4102.666666666667,9936.516476557006,1.0666666666666667,0.03168670783230419,0.010931897163391113,0.0298021585591677,0.1404249668121338,274.8,423.51264443933667,0.409633443977211,proxy,proxy_www_xjtu_edu_cn_014.pcap
tcp,0.29183101654052734,36,197395,676401.714732016,5483.194444444444,11732.779079758282,32834,66,19,2089,109.94736842105263,116.74960776862346,17,195306,11488.588235294117,14938.635405271336,1.1176470588235294,0.010696035964076884,0.008338029044015066,0.017066452109188283,0.07280588150024414,334.8,598.2265122844356,0.7583594919230799,proxy,proxy_www_jd_com_011.pcap
udp,0.15363788604736328,36,11816,76908.11364299414,328.22222222222223,432.549490496053,1494,122,16,2736,171.0,122.95934287397603,20,9080,454.0,537.6690431854897,0.8,0.3013215859030837,0.004389653887067522,0.008938806012436141,0.04213595390319824,599.2,603.3693396254073,1.034329199811768,vpn,vpn_www_bilibili_com_004.pcap
udp,0.2382800579071045,320,205416,862078.0177923373,641.925,634.1282948859796,1494,122,83,10926,131.63855421686748,58.56117763177713,237,194490,820.632911392405,647.0048782685784,0.350210970464135,0.05617769551133735,0.0007469594291758761,0.002634911023086766,0.021014928817749023,599.2,603.3693396254073,1.1564549726379663,vpn,vpn_www_xidian_edu_cn_013.pcap
udp,0.333331823348999,128,79372,238117.07865917552,620.09375,619.8719554964053,1494,106,36,5176,143.77777777777777,85.51254330054974,92,74196,806.4782608695652,638.9194253864143,0.391304347826087,0.06976117310906248,0.002624660026370071,0.009969576492192161,0.046254873275756836,599.2,603.3693396254073,1.354442411043098,vpn,vpn_www_xjtu_edu_cn_014.pcap
udp,0.3845100402832031,32,11396,29637.717630485033,356.125,436.75506222023347,1494,122,14,2492,178.0,129.9494407177543,18,8904,494.6666666666667,531.1442574501039,0.7777777777777778,0.279874213836478,0.01240354968655494,0.028567555336666262,0.14864110946655273,599.2,603.3693396254073,1.160897117295888,vpn,vpn_y_qq_com_017.pcap
udp,0.16003799438476562,33,12870,80418.40345148143,390.0,494.6040963449576,1494,122,14,2508,179.14285714285714,132.72897043161578,19,10362,545.3684210526316,595.8258497357231,0.7368421052631579,0.24203821656050956,0.005001187324523926,0.010419171780203297,0.03578495979309082,599.2,603.3693396254073,0.9892100846279925,vpn,vpn_www_baidu_com_003.pcap
udp,0.28731393814086914,184,115024,400342.5686351634,625.1304347826087,625.0812332842498,1494,122,72,9568,132.88888888888889,61.43911972106018,112,105456,941.5714285714286,619.3391309966402,0.6428571428571429,0.09072978303747535,0.0015700215198954598,0.009344989420647471,0.11588478088378906,578.8,575.5798467632445,1.2579939106171745,vpn,vpn_www_xa_gov_cn_019.pcap
udp,0.18038105964660645,63,32946,182646.6706900722,522.952380952381,569.9259608993342,1494,122,21,3346,159.33333333333334,109.33797899537768,42,29600,704.7619047619048,618.1277341226568,0.5,0.11304054054054054,0.002909371929783975,0.00788353852109468,0.02975296974182129,578.8,575.5798467632445,1.4798523743776053,vpn,vpn_mail_163_com_015.pcap
udp,0.06704998016357422,29,9978,148814.36169940405,344.0689655172414,432.7115732085115,1494,122,13,2370,182.30769230769232,133.88823388034376,16,7608,475.5,535.0436898048607,0.8125,0.3115141955835962,0.0023946421486990793,0.004008783908816868,0.019201040267944336,596.4,599.2614120732287,1.1063667712836145,vpn,vpn_www_doubao_com_016.pcap
udp,0.10331988334655762,27,8614,83372.1421375085,319.037037037037,382.9423592136416,1494,122,12,2232,186.0,138.10141201305655,15,6382,425.46666666666664,472.458233309805,0.8,0.3497336258226261,0.003973841667175293,0.0070699547092688084,0.028441905975341797,462.0,536.5966828074882,1.1164183955577662,vpn,vpn_www_aliyun_com_005.pcap
udp,1.061384916305542,29,8554,8059.281669250283,294.9655172413793,364.50613568069116,1494,122,14,2492,178.0,129.9494407177543,15,6062,404.1333333333333,465.21419678346984,0.9333333333333333,0.4110854503464203,0.037906604153769355,0.07582631181306149,0.21028804779052734,486.0,526.1178575186362,1.1323973748064928,vpn,vpn_www_ubuntu_com_009.pcap
udp,0.19022083282470703,37,14018,73693.29527075468,378.86486486486484,456.42382876907834,1494,122,16,2736,171.0,122.95934287397603,21,11282,537.2380952380952,545.4568993283917,0.7619047619047619,0.24251019322815104,0.005283912022908528,0.010162996982595521,0.040550947189331055,462.0,536.5966828074882,1.2267283569863447,vpn,vpn_www_zhihu_com_012.pcap
udp,0.2680070400238037,33,12186,45468.95484132682,369.27272727272725,449.55083797371014,1494,122,13,2834,218.0,183.397005260341,20,9352,467.6,535.7736835642453,0.65,0.30303678357570574,0.008375220000743866,0.013574557544453619,0.05848193168640137,374.4,423.7601208230901,1.0414727634685104,vpn,vpn_www_gitee_com_007.pcap
udp,0.2808411121368408,31,11290,40200.66689701367,364.19354838709677,459.4131894798561,1494,122,14,2588,184.85714285714286,135.55750342453888,17,8702,511.88235294117646,566.9603038654202,0.8235294117647058,0.2974028958860032,0.009361370404561361,0.013759713893362483,0.04291701316833496,599.2,603.3693396254073,1.2511644549200616,vpn,vpn_www_bing_com_001.pcap
udp,0.11161589622497559,365,241070,2159817.8051098897,660.4657534246576,631.2394348974387,1494,122,103,13286,128.9902912621359,51.50539516383818,262,227784,869.4045801526718,631.9547377094133,0.3931297709923664,0.05832718715976539,0.0003066370775411417,0.001424689263558063,0.01524496078491211,462.0,536.5966828074882,1.3732299364949156,vpn,vpn_www_jd_com_011.pcap
udp,1.221252202987671,173,110378,90381.00380082944,638.0231213872833,624.0008147482196,1494,122,56,7616,136.0,69.35210368629264,117,102762,878.3076923076923,628.5525695404253,0.47863247863247865,0.0741129989684903,0.007100303505742272,0.033552804357654016,0.19783997535705566,406.4,459.83109942673514,1.283924648057005,vpn,vpn_www_ietf_org_008.pcap
udp,2.542325019836426,803,484238,190470.5323755796,603.0361145703612,626.2637057037475,1494,122,262,32700,124.80916030534351,32.48372804720129,541,451538,834.6358595194085,645.9415132705287,0.48428835489833644,0.07241915409112855,0.003169981321491803,0.04446664784900775,1.2167558670043945,599.2,603.3693396254073,1.1418715763797336,vpn,vpn_wlj_xa_gov_cn_020.pcap
udp,2.006272077560425,111,67790,33789.0362719053,610.7207207207207,621.4879438455959,1494,122,39,5574,142.92307692307693,82.15787947460252,72,62216,864.1111111111111,639.5828405113314,0.5416666666666666,0.08959110196733959,0.018238837068731136,0.06923294627106662,0.47662901878356934,462.0,536.5966828074882,1.1325144546653862,vpn,vpn_www_python_org_010.pcap
udp,0.5853068828582764,206,130468,222905.28920978185,633.3398058252427,617.4256852164566,1494,122,56,7600,135.71428571428572,70.03206262790184,150,122868,819.12,628.2836081473611,0.37333333333333335,0.06185499886056581,0.0028551555261379334,0.011381036728355883,0.09017300605773926,599.2,603.3693396254073,1.376277717253145,vpn,vpn_yz_chsi_com_cn_018.pcap
udp,0.1490020751953125,188,123336,827746.860829493,656.0425531914893,628.5685851793202,1494,122,54,7372,136.5185185185185,70.57140873709798,134,115964,865.4029850746268,632.2267697189817,0.40298507462686567,0.06357145320961678,0.0007968025411514037,0.002806742088926255,0.017280101776123047,586.8,599.3511157910694,1.3408122678625143,vpn,vpn_www_taobao_com_002.pcap
udp,0.2108778953552246,28,8640,40971.577345486534,308.57142857142856,396.48197838448283,1494,74,12,2228,185.66666666666666,139.45090733141737,16,6412,400.75,490.597021495239,0.75,0.34747348721147847,0.0078102924205638745,0.012583623397934736,0.03555107116699219,321.6,419.23148736706315,1.2988311406878197,vpn,vpn_www_qq_com_006.pcap
